epoch,train_total,train_depth,train_gradient,train_residual_teacher,train_low_smoothness,val_abs_rel,val_rmse,val_mae,val_delta1,val_scale_only_abs_rel,val_raw_da3_abs_rel,val_mean_abs_r_low,optimizer_steps,skipped_steps,epoch_seconds
1,0.12709259863834482,0.08147330989681835,0.003867858535128938,0.059773940290709565,0.0007630957506590451,0.07133890093024976,0.6524793719786044,0.22270531852902448,0.9386669589228924,0.07076656534162698,0.09070452423452083,0.02295904323633382,439,0,688.1893825870939
2,0.11602957357843213,0.07497409743209583,0.00389717933235061,0.05366249580953124,0.0014584139339092969,0.06767392853400489,0.6476811489693309,0.21059109334074858,0.9389543957948548,0.07076656534162698,0.09070452423452083,0.020292550329338813,878,0,696.9517155648209
3,0.10732721654763068,0.06988660999718804,0.0039056055228026926,0.04883417681019479,0.0016926384868951121,0.06701865914135284,0.6363502232339554,0.20516272049561396,0.939710902487991,0.07076656534162698,0.09070452423452083,0.02778341105020628,1317,0,700.7804988760035
4,0.09932174480371964,0.06518658872851034,0.003912722464043623,0.04441973475364281,0.001890531956314875,0.06671545507775262,0.6328345114278154,0.20406828724751258,0.9375978440244961,0.07076656534162698,0.09070452423452083,0.030529899423953264,1756,0,674.4378929070663
5,0.09223870812005194,0.06099822742867677,0.003920678010808609,0.04055279029563284,0.002087616553151963,0.06506483426941943,0.6286892490973192,0.19902384540009635,0.9403822572631774,0.07076656534162698,0.09070452423452083,0.0308303607290398,2195,0,690.577305508079
6,0.08673843562191791,0.05772911020274621,0.003927925842816406,0.037571580139139145,0.0022527567116002816,0.0659173986953724,0.6323458932364886,0.20253208649999555,0.9388509297008386,0.07076656534162698,0.09070452423452083,0.03433143941696749,2634,0,700.0552155990154
7,0.0826298895037504,0.05531687079623333,0.003934517044411851,0.035304369676658426,0.0023919033096543806,0.0647845298999176,0.6264724106854618,0.19739392448711632,0.9386828618429791,0.07076656534162698,0.09070452423452083,0.03498859627566869,3073,0,703.3406168899965
8,0.08042485101777513,0.05400871827558779,0.003937777040084783,0.03410570269702369,0.0024650133140363237,0.06473655268748499,0.6265293446912957,0.1979162944547157,0.9396240214768533,0.07076656534162698,0.09070452423452083,0.03537006735975283,3512,0,699.400052332785
9,0.07906413819673813,0.053205096017286665,0.003938544174636747,0.03336244308783132,0.0024750517997083176,0.06448433008021671,0.6262104540584503,0.19705327957199315,0.9393120504305899,0.07076656534162698,0.09070452423452083,0.03508503898681098,3951,0,704.1961109261028
